Origen,Destino
Hong Kong,Papua New Guinea
Hong Kong,Turkey
Hong Kong,Fiji
Hong Kong,New Zealand
Hong Kong,Saudi Arabia
Hong Kong,Iran
Hong Kong,United Arab Emirates
Hong Kong,Qatar
Hong Kong,Northern Mariana Islands
Hong Kong,Guam
Hong Kong,Taiwan
Hong Kong,Japan
Hong Kong,South Korea
Hong Kong,Philippines
Hong Kong,Kazakhstan
Hong Kong,India
Hong Kong,Sri Lanka
Hong Kong,Cambodia
Hong Kong,Bangladesh
Hong Kong,Singapore
Hong Kong,China
Hong Kong,Malaysia
Hong Kong,Australia
Hong Kong,Brunei
Hong Kong,Indonesia
Hong Kong,Thailand
Hong Kong,Vietnam
Hong Kong,Maldives
Hong Kong,Burma
Hong Kong,Mongolia
Hong Kong,Nepal
Nepal,Turkey
Nepal,Saudi Arabia
Nepal,United Arab Emirates
Nepal,Oman
Nepal,Pakistan
Nepal,Qatar
Nepal,South Korea
Nepal,India
Nepal,Bangladesh
Nepal,China
Nepal,Malaysia
Nepal,Bhutan
Nepal,Singapore
Nepal,Thailand
Vietnam,Turkey
Vietnam,United Arab Emirates
Vietnam,Oman
Vietnam,Qatar
Vietnam,Taiwan
Vietnam,Japan
Vietnam,South Korea
Vietnam,Philippines
Vietnam,Kazakhstan
Vietnam,India
Vietnam,Sri Lanka
Vietnam,Cambodia
Vietnam,Bangladesh
Vietnam,Laos
Vietnam,Macau
Vietnam,Thailand
Vietnam,Singapore
Vietnam,China
Vietnam,Malaysia
Vietnam,Australia
Vietnam,Indonesia
Vietnam,Burma
Vietnam,Brunei
Kazakhstan,Turkey
Kazakhstan,Iran
Kazakhstan,United Arab Emirates
Kazakhstan,Qatar
Kazakhstan,Japan
Kazakhstan,South Korea
Kazakhstan,Tajikistan
Kazakhstan,China
Kazakhstan,Azerbaijan
Kazakhstan,Uzbekistan
Kazakhstan,Thailand
Kazakhstan,India
Kazakhstan,Kyrgyzstan
Kazakhstan,Malaysia
Kazakhstan,Mongolia
Kazakhstan,Turkmenistan
Maldives,Turkey
Maldives,Saudi Arabia
Maldives,United Arab Emirates
Maldives,Oman
Maldives,Qatar
Maldives,India
Maldives,Sri Lanka
Maldives,China
Maldives,Malaysia
Maldives,Thailand
Maldives,Singapore
North Korea,Macau
North Korea,Malaysia
North Korea,China
Cook Islands,French Polynesia
Cook Islands,New Zealand
Cook Islands,Australia
Bangladesh,Turkey
Bangladesh,Bahrain
Bangladesh,Saudi Arabia
Bangladesh,Kuwait
Bangladesh,United Arab Emirates
Bangladesh,Oman
Bangladesh,Pakistan
Bangladesh,Qatar
Bangladesh,Turkmenistan
Bangladesh,India
Bangladesh,Sri Lanka
Bangladesh,Thailand
Bangladesh,Malaysia
Bangladesh,Burma
Bangladesh,Singapore
Bangladesh,China
Bangladesh,Bhutan
Bahrain,Sudan
Bahrain,Turkey
Bahrain,India
Bahrain,Qatar
Bahrain,United Arab Emirates
Bahrain,Iraq
Bahrain,Thailand
Bahrain,Saudi Arabia
Bahrain,Iran
Bahrain,Pakistan
Bahrain,Kuwait
Bahrain,Oman
Bahrain,Philippines
Bahrain,Yemen
Bahrain,Sri Lanka
Bahrain,Azerbaijan
Bahrain,Syria
Bahrain,Cambodia
French Polynesia,New Zealand
French Polynesia,Japan
French Polynesia,New Caledonia
South Korea,Turkey
South Korea,Fiji
South Korea,New Zealand
South Korea,Saudi Arabia
South Korea,United Arab Emirates
South Korea,Qatar
South Korea,Northern Mariana Islands
South Korea,Guam
South Korea,Palau
South Korea,Taiwan
South Korea,Japan
South Korea,China
South Korea,Philippines
South Korea,Thailand
South Korea,Burma
South Korea,India
South Korea,Singapore
South Korea,Macau
South Korea,Cambodia
South Korea,Malaysia
South Korea,Indonesia
South Korea,Uzbekistan
South Korea,Australia
South Korea,Sri Lanka
South Korea,Mongolia
South Korea,Laos
South Korea,Brunei
Nauru,Fiji
Nauru,Kiribati
Nauru,Marshall Islands
Nauru,Australia
Nauru,Solomon Islands
Mongolia,Japan
Mongolia,Kyrgyzstan
Mongolia,Thailand
Mongolia,China
Norfolk Island,New Zealand
Norfolk Island,Australia
Burma,United Arab Emirates
Burma,Qatar
Burma,Taiwan
Burma,Japan
Burma,India
Burma,Cambodia
Burma,Thailand
Burma,Singapore
Burma,China
Burma,Malaysia
Burma,Myanmar
Guam,Northern Mariana Islands
Guam,Taiwan
Guam,Japan
Guam,Philippines
Guam,Australia
Guam,Palau
Guam,Micronesia
Guam,China
Tajikistan,Turkey
Tajikistan,Afghanistan
Tajikistan,Iran
Tajikistan,United Arab Emirates
Tajikistan,Kyrgyzstan
Tajikistan,India
Tajikistan,China
Tajikistan,Uzbekistan
Indonesia,Papua New Guinea
Indonesia,Turkey
Indonesia,Saudi Arabia
Indonesia,United Arab Emirates
Indonesia,Oman
Indonesia,Qatar
Indonesia,Taiwan
Indonesia,Japan
Indonesia,Philippines
Indonesia,Uzbekistan
Indonesia,India
Indonesia,Sri Lanka
Indonesia,Cambodia
Indonesia,Thailand
Indonesia,Malaysia
Indonesia,Brunei
Indonesia,China
Indonesia,Singapore
Indonesia,Australia
Indonesia,East Timor
Cambodia,Qatar
Cambodia,Taiwan
Cambodia,Japan
Cambodia,Philippines
Cambodia,India
Cambodia,Singapore
Cambodia,China
Cambodia,Malaysia
Cambodia,Thailand
Cambodia,Laos
Cambodia,Macau
Sudan,United Arab Emirates
Sudan,Yemen
Sudan,Qatar
Sudan,Saudi Arabia
Sudan,Turkey
Sudan,Eritrea
Sudan,Kuwait
Sudan,Syria
Sudan,Oman
East Timor,Singapore
East Timor,Australia
Kiribati,Fiji
Kiribati,Marshall Islands
Kiribati,Solomon Islands
Oman,Turkey
Oman,Saudi Arabia
Oman,Iran
Oman,Kuwait
Oman,United Arab Emirates
Oman,India
Oman,Qatar
Oman,Malaysia
Oman,Sri Lanka
Oman,Pakistan
Oman,Thailand
Oman,Syria
Oman,China
Oman,Philippines
Yemen,Turkey
Yemen,Saudi Arabia
Yemen,Kuwait
Yemen,United Arab Emirates
Yemen,Qatar
Yemen,India
Yemen,Eritrea
Palau,Micronesia
Palau,Japan
Palau,Taiwan
Palau,Philippines
Palau,Macau
Cocos (Keeling) Islands,Australia
Cocos (Keeling) Islands,Christmas Island
India,Turkey
India,Afghanistan
India,Saudi Arabia
India,Iran
India,Kuwait
India,United Arab Emirates
India,Pakistan
India,Iraq
India,Qatar
India,Taiwan
India,Japan
India,Azerbaijan
India,Turkmenistan
India,Uzbekistan
India,Thailand
India,Singapore
India,Malaysia
India,Sri Lanka
India,Australia
India,China
India,Bhutan
Taiwan,Turkey
Taiwan,New Zealand
Taiwan,United Arab Emirates
Taiwan,Japan
Taiwan,Singapore
Taiwan,China
Taiwan,Philippines
Taiwan,Malaysia
Taiwan,Thailand
Taiwan,Australia
Taiwan,Macau
Taiwan,Brunei
Northern Mariana Islands,China
Northern Mariana Islands,Japan
Tonga,Fiji
Tonga,New Zealand
Tonga,Australia
Uzbekistan,Turkey
Uzbekistan,Afghanistan
Uzbekistan,Iran
Uzbekistan,United Arab Emirates
Uzbekistan,Pakistan
Uzbekistan,Japan
Uzbekistan,Kyrgyzstan
Uzbekistan,Azerbaijan
Uzbekistan,China
Uzbekistan,Thailand
Uzbekistan,Malaysia
Uzbekistan,Singapore
Afghanistan,Turkey
Afghanistan,United Arab Emirates
Afghanistan,Pakistan
Afghanistan,Iran
Afghanistan,Azerbaijan
Afghanistan,Kuwait
Afghanistan,China
Afghanistan,Saudi Arabia
Eritrea,Turkey
Eritrea,Saudi Arabia
Eritrea,United Arab Emirates
China,Papua New Guinea
China,Turkey
China,New Zealand
China,Saudi Arabia
China,Iran
China,United Arab Emirates
China,Pakistan
China,Iraq
China,Qatar
China,Japan
China,Philippines
China,Kyrgyzstan
China,Azerbaijan
China,Turkmenistan
China,Sri Lanka
China,Laos
China,Macau
China,Thailand
China,Malaysia
China,Brunei
China,Singapore
China,Australia
Fiji,Papua New Guinea
Fiji,New Zealand
Fiji,Samoa
Fiji,Australia
Fiji,Tuvalu
Fiji,Vanuatu
Fiji,Solomon Islands
Fiji,New Caledonia
Fiji,Wallis and Futuna
Fiji,Japan
Fiji,Singapore
Pakistan,Turkey
Pakistan,Saudi Arabia
Pakistan,Iran
Pakistan,Kuwait
Pakistan,United Arab Emirates
Pakistan,Thailand
Pakistan,Sri Lanka
Pakistan,Qatar
Pakistan,Malaysia
Pakistan,Iraq
New Caledonia,Wallis and Futuna
New Caledonia,Vanuatu
New Caledonia,New Zealand
New Caledonia,Australia
New Caledonia,Japan
Turkmenistan,Turkey
Turkmenistan,United Arab Emirates
Turkmenistan,Azerbaijan
Turkmenistan,Thailand
Turkmenistan,Malaysia
Marshall Islands,Micronesia
Kyrgyzstan,Turkey
Kyrgyzstan,United Arab Emirates
Saudi Arabia,Turkey
Saudi Arabia,United Arab Emirates
Saudi Arabia,Kuwait
Saudi Arabia,Brunei
Saudi Arabia,Malaysia
Saudi Arabia,Iran
Saudi Arabia,Qatar
Saudi Arabia,Sri Lanka
Saudi Arabia,Philippines
Saudi Arabia,Singapore
Saudi Arabia,Iraq
Saudi Arabia,Azerbaijan
Singapore,Papua New Guinea
Singapore,Turkey
Singapore,New Zealand
Singapore,United Arab Emirates
Singapore,Qatar
Singapore,Japan
Singapore,Philippines
Singapore,Sri Lanka
Singapore,Laos
Singapore,Macau
Singapore,Thailand
Singapore,Malaysia
Singapore,Brunei
Singapore,Australia
Philippines,Papua New Guinea
Philippines,Turkey
Philippines,New Zealand
Philippines,Kuwait
Philippines,United Arab Emirates
Philippines,Qatar
Philippines,Japan
Philippines,Malaysia
Philippines,Thailand
Philippines,Brunei
Philippines,Macau
Philippines,Australia
Thailand,Turkey
Thailand,New Zealand
Thailand,Iran
Thailand,Kuwait
Thailand,United Arab Emirates
Thailand,Qatar
Thailand,Japan
Thailand,Sri Lanka
Thailand,Laos
Thailand,Macau
Thailand,Bhutan
Thailand,Malaysia
Thailand,Brunei
Thailand,Australia
Qatar,Turkey
Qatar,New Zealand
Qatar,Iran
Qatar,Kuwait
Qatar,United Arab Emirates
Qatar,Iraq
Qatar,Syria
Qatar,Azerbaijan
Qatar,Japan
Qatar,Malaysia
Qatar,Sri Lanka
Qatar,Australia
Qatar,Macau
Syria,Iran
Syria,Kuwait
Syria,United Arab Emirates
Syria,Iraq
Niue,New Zealand
Laos,Malaysia
Azerbaijan,Turkey
Azerbaijan,Iran
Azerbaijan,Kuwait
Azerbaijan,United Arab Emirates
Azerbaijan,Iraq
Iraq,Turkey
Iraq,Iran
Iraq,Kuwait
Iraq,United Arab Emirates
Iraq,Malaysia
Christmas Island,Australia
Solomon Islands,Papua New Guinea
Solomon Islands,Vanuatu
Solomon Islands,Australia
Japan,Papua New Guinea
Japan,Turkey
Japan,New Zealand
Japan,United Arab Emirates
Japan,Malaysia
Japan,Australia
Japan,Macau
Japan,Sri Lanka
Japan,Brunei
Samoa,New Zealand
Samoa,Australia
Sri Lanka,Kuwait
Sri Lanka,United Arab Emirates
Sri Lanka,Malaysia
Sri Lanka,Australia
Vanuatu,New Zealand
Vanuatu,Australia
Papua New Guinea,Australia
Papua New Guinea,Micronesia
Turkey,United Arab Emirates
Turkey,Iran
Turkey,Kuwait
Turkey,Malaysia
Kuwait,Iran
Kuwait,United Arab Emirates
Kuwait,Malaysia
Brunei,United Arab Emirates
Brunei,Malaysia
Brunei,Australia
United Arab Emirates,New Zealand
United Arab Emirates,Iran
United Arab Emirates,Malaysia
United Arab Emirates,Australia
New Zealand,Australia
New Zealand,Malaysia
Australia,Malaysia
Iran,Malaysia
Malaysia,Macau
